{"cameraMode":{"drawMode":13,"name":"Systems","section":"Global Illumination"},"sceneLighting":true,"audioPlay":false,"sceneViewState":{"showFog":true,"showMaterialUpdate":true,"showSkybox":true,"showFlares":true,"showImageEffects":true,"showParticleSystems":true},"in2DMode":false,"pivot":{"x":176.9127960205078,"y":-1.5006405115127564,"z":8.943387985229493},"rotation":{"x":0.08717229217290878,"y":-0.8995905518531799,"z":0.21045254170894624,"w":0.37262260913848879},"size":1.8145745992660523,"orthographic":false}